{
    "features": [
        {
            "geometry": {
                "coordinates": [
                    0.14780000000000001,
                    51.54,
                    10.0
                ],
                "type": "Point"
            },
            "properties": {
                "modelRunDate": "2023-03-12T20:00Z",
                "requestPointDistance": 2962.642,
                "timeSeries": [
                    {
                        "feelsLikeTemperature": 8.6,
                        "max10mWindGust": 11.43,
                        "maxScreenAirTemp": 10.41,
                        "minScreenAirTemp": 10.31,
                        "mslp": 100200,
                        "precipitationRate": 0.88,
                        "probOfPrecipitation": 66,
                        "screenDewPointTemperature": 9.07,
                        "screenRelativeHumidity": 91.44,
                        "screenTemperature": 10.36,
                        "significantWeatherCode": 12,
                        "time": "2023-03-12T20:00Z",
                        "totalPrecipAmount": 0.09,
                        "totalSnowAmount": 0,
                        "uvIndex": 0,
                        "visibility": 4028,
                        "windDirectionFrom10m": 187,
                        "windGustSpeed10m": 11.32,
                        "windSpeed10m": 3.6
                    },
                    {
                        "feelsLikeTemperature": 7.91,
                        "max10mWindGust": 13.79,
                        "maxScreenAirTemp": 10.66,
                        "minScreenAirTemp": 10.36,
                        "mslp": 100025,
                        "precipitationRate": 0.84,
                        "probOfPrecipitation": 64,
                        "screenDewPointTemperature": 9.34,
                        "screenRelativeHumidity": 91.64,
                        "screenTemperature": 10.62,
                        "significantWeatherCode": 13,
                        "time": "2023-03-12T21:00Z",
                        "totalPrecipAmount": 0.25,
                        "totalSnowAmount": 0,
                        "uvIndex": 0,
                        "visibility": 10997,
                        "windDirectionFrom10m": 199,
                        "windGustSpeed10m": 13.79,
                        "windSpeed10m": 6.07
                    },
                    {
                        "feelsLikeTemperature": 7.97,
                        "max10mWindGust": 13.53,
                        "maxScreenAirTemp": 10.75,
                        "minScreenAirTemp": 10.62,
                        "mslp": 99904,
                        "precipitationRate": 0.25,
                        "probOfPrecipitation": 54,
                        "screenDewPointTemperature": 9.91,
                        "screenRelativeHumidity": 94.55,
                        "screenTemperature": 10.74,
                        "significantWeatherCode": 12,
                        "time": "2023-03-12T22:00Z",
                        "totalPrecipAmount": 0.14,
                        "totalSnowAmount": 0,
                        "uvIndex": 0,
                        "visibility": 13885,
                        "windDirectionFrom10m": 215,
                        "windGustSpeed10m": 13.49,
                        "windSpeed10m": 6.34
                    },
                    {
                        "feelsLikeTemperature": 8.53,
                        "max10mWindGust": 13.86,
                        "maxScreenAirTemp": 11.33,
                        "minScreenAirTemp": 10.74,
                        "mslp": 99802,
                        "precipitationRate": 0.15,
                        "probOfPrecipitation": 51,
                        "screenDewPointTemperature": 10.43,
                        "screenRelativeHumidity": 94.27,
                        "screenTemperature": 11.32,
                        "significantWeatherCode": 12,
                        "time": "2023-03-12T23:00Z",
                        "totalPrecipAmount": 0.07,
                        "totalSnowAmount": 0,
                        "uvIndex": 0,
                        "visibility": 13961,
                        "windDirectionFrom10m": 220,
                        "windGustSpeed10m": 13.37,
                        "windSpeed10m": 6.63
                    },
                    {
                        "feelsLikeTemperature": 8.39,
                        "max10mWindGust": 14.99,
                        "maxScreenAirTemp": 11.53,
                        "minScreenAirTemp": 11.32,
                        "mslp": 99760,
                        "precipitationRate": 0.14,
                        "probOfPrecipitation": 46,
                        "screenDewPointTemperature": 10.51,
                        "screenRelativeHumidity": 94.05,
                        "screenTemperature": 11.46,
                        "significantWeatherCode": 12,
                        "time": "2023-03-13T00:00Z",
                        "totalPrecipAmount": 0.06,
                        "totalSnowAmount": 0,
                        "uvIndex": 0,
                        "visibility": 16129,
                        "windDirectionFrom10m": 224,
                        "windGustSpeed10m": 14.99,
                        "windSpeed10m": 7.57
                    },
                    {
                        "feelsLikeTemperature": 8.7,
                        "max10mWindGust": 15.03,
                        "maxScreenAirTemp": 11.68,
                        "minScreenAirTemp": 11.46,
                        "mslp": 99620,
                        "precipitationRate": 0.0,
                        "probOfPrecipitation": 16,
                        "screenDewPointTemperature": 10.08,
                        "screenRelativeHumidity": 90.03,
                        "screenTemperature": 11.66,
                        "significantWeatherCode": 8,
                        "time": "2023-03-13T01:00Z",
                        "totalPrecipAmount": 0.0,
                        "totalSnowAmount": 0,
                        "uvIndex": 0,
                        "visibility": 30461,
                        "windDirectionFrom10m": 222,
                        "windGustSpeed10m": 14.69,
                        "windSpeed10m": 7.26
                    },
                    {
                        "feelsLikeTemperature": 8.17,
                        "max10mWindGust": 15.2,
                        "maxScreenAirTemp": 11.66,
                        "minScreenAirTemp": 11.24,
                        "mslp": 99540,
                        "precipitationRate": 1.12,
                        "probOfPrecipitation": 77,
                        "screenDewPointTemperature": 10.03,
                        "screenRelativeHumidity": 92.25,
                        "screenTemperature": 11.26,
                        "significantWeatherCode": 15,
                        "time": "2023-03-13T02:00Z",
                        "totalPrecipAmount": 0.12,
                        "totalSnowAmount": 0,
                        "uvIndex": 0,
                        "visibility": 13400,
                        "windDirectionFrom10m": 213,
                        "windGustSpeed10m": 14.9,
                        "windSpeed10m": 7.52
                    },
                    {
                        "feelsLikeTemperature": 8.07,
                        "max10mWindGust": 16.77,
                        "maxScreenAirTemp": 11.41,
                        "minScreenAirTemp": 11.26,
                        "mslp": 99427,
                        "precipitationRate": 0.12,
                        "probOfPrecipitation": 65,
                        "screenDewPointTemperature": 9.64,
                        "screenRelativeHumidity": 89.02,
                        "screenTemperature": 11.4,
                        "significantWeatherCode": 12,
                        "time": "2023-03-13T03:00Z",
                        "totalPrecipAmount": 0.26,
                        "totalSnowAmount": 0,
                        "uvIndex": 0,
                        "visibility": 30889,
                        "windDirectionFrom10m": 217,
                        "windGustSpeed10m": 16.76,
                        "windSpeed10m": 8.36
                    },
                    {
                        "feelsLikeTemperature": 7.78,
                        "max10mWindGust": 18.47,
                        "maxScreenAirTemp": 11.4,
                        "minScreenAirTemp": 11.35,
                        "mslp": 99347,
                        "precipitationRate": 0.34,
                        "probOfPrecipitation": 64,
                        "screenDewPointTemperature": 9.7,
                        "screenRelativeHumidity": 89.44,
                        "screenTemperature": 11.38,
                        "significantWeatherCode": 12,
                        "time": "2023-03-13T04:00Z",
                        "totalPrecipAmount": 0.1,
                        "totalSnowAmount": 0,
                        "uvIndex": 0,
                        "visibility": 18627,
                        "windDirectionFrom10m": 218,
                        "windGustSpeed10m": 18.3,
                        "windSpeed10m": 9.34
                    },
                    {
                        "feelsLikeTemperature": 8.27,
                        "max10mWindGust": 18.31,
                        "maxScreenAirTemp": 11.67,
                        "minScreenAirTemp": 11.38,
                        "mslp": 99308,
                        "precipitationRate": 0.13,
                        "probOfPrecipitation": 49,
                        "screenDewPointTemperature": 9.87,
                        "screenRelativeHumidity": 88.93,
                        "screenTemperature": 11.65,
                        "significantWeatherCode": 12,
                        "time": "2023-03-13T05:00Z",
                        "totalPrecipAmount": 0.11,
                        "totalSnowAmount": 0,
                        "uvIndex": 0,
                        "visibility": 25499,
                        "windDirectionFrom10m": 225,
                        "windGustSpeed10m": 17.38,
                        "windSpeed10m": 8.59
                    },
                    {
                        "feelsLikeTemperature": 8.42,
                        "max10mWindGust": 17.29,
                        "maxScreenAirTemp": 11.8,
                        "minScreenAirTemp": 11.65,
                        "mslp": 99275,
                        "precipitationRate": 0.0,
                        "probOfPrecipitation": 8,
                        "screenDewPointTemperature": 9.36,
                        "screenRelativeHumidity": 85.47,
                        "screenTemperature": 11.74,
                        "significantWeatherCode": 7,
                        "time": "2023-03-13T06:00Z",
                        "totalPrecipAmount": 0.0,
                        "totalSnowAmount": 0,
                        "uvIndex": 0,
                        "visibility": 27125,
                        "windDirectionFrom10m": 224,
                        "windGustSpeed10m": 17.04,
                        "windSpeed10m": 8.37
                    },
                    {
                        "feelsLikeTemperature": 8.39,
                        "max10mWindGust": 17.45,
                        "maxScreenAirTemp": 11.82,
                        "minScreenAirTemp": 11.74,
                        "mslp": 99237,
                        "precipitationRate": 0.0,
                        "probOfPrecipitation": 6,
                        "screenDewPointTemperature": 8.87,
                        "screenRelativeHumidity": 82.4,
                        "screenTemperature": 11.81,
                        "significantWeatherCode": 7,
                        "time": "2023-03-13T07:00Z",
                        "totalPrecipAmount": 0.0,
                        "totalSnowAmount": 0,
                        "uvIndex": 1,
                        "visibility": 27271,
                        "windDirectionFrom10m": 221,
                        "windGustSpeed10m": 17.45,
                        "windSpeed10m": 8.63
                    },
                    {
                        "feelsLikeTemperature": 8.5,
                        "max10mWindGust": 18.02,
                        "maxScreenAirTemp": 12.12,
                        "minScreenAirTemp": 11.81,
                        "mslp": 99215,
                        "precipitationRate": 0.0,
                        "probOfPrecipitation": 6,
                        "screenDewPointTemperature": 8.39,
                        "screenRelativeHumidity": 78.14,
                        "screenTemperature": 12.1,
                        "significantWeatherCode": 7,
                        "time": "2023-03-13T08:00Z",
                        "totalPrecipAmount": 0.0,
                        "totalSnowAmount": 0,
                        "uvIndex": 1,
                        "visibility": 28899,
                        "windDirectionFrom10m": 223,
                        "windGustSpeed10m": 18.02,
                        "windSpeed10m": 9.19
                    },
                    {
                        "feelsLikeTemperature": 8.72,
                        "max10mWindGust": 18.47,
                        "maxScreenAirTemp": 12.48,
                        "minScreenAirTemp": 12.1,
                        "mslp": 99165,
                        "precipitationRate": 0.0,
                        "probOfPrecipitation": 4,
                        "screenDewPointTemperature": 7.75,
                        "screenRelativeHumidity": 73.09,
                        "screenTemperature": 12.47,
                        "significantWeatherCode": 7,
                        "time": "2023-03-13T09:00Z",
                        "totalPrecipAmount": 0.0,
                        "totalSnowAmount": 0,
                        "uvIndex": 1,
                        "visibility": 29083,
                        "windDirectionFrom10m": 223,
                        "windGustSpeed10m": 18.47,
                        "windSpeed10m": 9.54
                    },
                    {
                        "feelsLikeTemperature": 8.91,
                        "max10mWindGust": 19.5,
                        "maxScreenAirTemp": 12.97,
                        "minScreenAirTemp": 12.47,
                        "mslp": 99106,
                        "precipitationRate": 0.0,
                        "probOfPrecipitation": 1,
                        "screenDewPointTemperature": 7.35,
                        "screenRelativeHumidity": 69.17,
                        "screenTemperature": 12.91,
                        "significantWeatherCode": 3,
                        "time": "2023-03-13T10:00Z",
                        "totalPrecipAmount": 0.0,
                        "totalSnowAmount": 0,
                        "uvIndex": 2,
                        "visibility": 29850,
                        "windDirectionFrom10m": 223,
                        "windGustSpeed10m": 19.5,
                        "windSpeed10m": 10.12
                    },
                    {
                        "feelsLikeTemperature": 9.08,
                        "max10mWindGust": 20.49,
                        "maxScreenAirTemp": 13.46,
                        "minScreenAirTemp": 12.91,
                        "mslp": 99057,
                        "precipitationRate": 0.0,
                        "probOfPrecipitation": 1,
                        "screenDewPointTemperature": 6.81,
                        "screenRelativeHumidity": 64.63,
                        "screenTemperature": 13.4,
                        "significantWeatherCode": 3,
                        "time": "2023-03-13T11:00Z",
                        "totalPrecipAmount": 0.0,
                        "totalSnowAmount": 0,
                        "uvIndex": 2,
                        "visibility": 29520,
                        "windDirectionFrom10m": 223,
                        "windGustSpeed10m": 20.49,
                        "windSpeed10m": 10.76
                    },
                    {
                        "feelsLikeTemperature": 9.18,
                        "max10mWindGust": 21.6,
                        "maxScreenAirTemp": 13.9,
                        "minScreenAirTemp": 13.4,
                        "mslp": 98996,
                        "precipitationRate": 0.0,
                        "probOfPrecipitation": 2,
                        "screenDewPointTemperature": 6.48,
                        "screenRelativeHumidity": 61.63,
                        "screenTemperature": 13.77,
                        "significantWeatherCode": 3,
                        "time": "2023-03-13T12:00Z",
                        "totalPrecipAmount": 0.0,
                        "totalSnowAmount": 0,
                        "uvIndex": 2,
                        "visibility": 30085,
                        "windDirectionFrom10m": 225,
                        "windGustSpeed10m": 21.52,
                        "windSpeed10m": 11.28
                    },
                    {
                        "feelsLikeTemperature": 9.32,
                        "max10mWindGust": 21.31,
                        "maxScreenAirTemp": 13.98,
                        "minScreenAirTemp": 13.61,
                        "mslp": 98931,
                        "precipitationRate": 0.0,
                        "probOfPrecipitation": 4,
                        "screenDewPointTemperature": 6.52,
                        "screenRelativeHumidity": 61.74,
                        "screenTemperature": 13.79,
                        "significantWeatherCode": 3,
                        "time": "2023-03-13T13:00Z",
                        "totalPrecipAmount": 0.0,
                        "totalSnowAmount": 0,
                        "uvIndex": 2,
                        "visibility": 29094,
                        "windDirectionFrom10m": 224,
                        "windGustSpeed10m": 20.76,
                        "windSpeed10m": 10.91
                    },
                    {
                        "feelsLikeTemperature": 9.27,
                        "max10mWindGust": 21.81,
                        "maxScreenAirTemp": 13.96,
                        "minScreenAirTemp": 13.75,
                        "mslp": 98861,
                        "precipitationRate": 0.0,
                        "probOfPrecipitation": 3,
                        "screenDewPointTemperature": 6.01,
                        "screenRelativeHumidity": 59.53,
                        "screenTemperature": 13.83,
                        "significantWeatherCode": 3,
                        "time": "2023-03-13T14:00Z",
                        "totalPrecipAmount": 0.0,
                        "totalSnowAmount": 0,
                        "uvIndex": 1,
                        "visibility": 31177,
                        "windDirectionFrom10m": 226,
                        "windGustSpeed10m": 21.22,
                        "windSpeed10m": 11.09
                    },
                    {
                        "feelsLikeTemperature": 9.2,
                        "max10mWindGust": 20.51,
                        "maxScreenAirTemp": 13.83,
                        "minScreenAirTemp": 13.43,
                        "mslp": 98802,
                        "precipitationRate": 0.0,
                        "probOfPrecipitation": 6,
                        "screenDewPointTemperature": 6.3,
                        "screenRelativeHumidity": 61.97,
                        "screenTemperature": 13.48,
                        "significantWeatherCode": 7,
                        "time": "2023-03-13T15:00Z",
                        "totalPrecipAmount": 0.0,
                        "totalSnowAmount": 0,
                        "uvIndex": 1,
                        "visibility": 29707,
                        "windDirectionFrom10m": 224,
                        "windGustSpeed10m": 20.22,
                        "windSpeed10m": 10.58
                    },
                    {
                        "feelsLikeTemperature": 9.0,
                        "max10mWindGust": 19.92,
                        "maxScreenAirTemp": 13.48,
                        "minScreenAirTemp": 12.86,
                        "mslp": 98731,
                        "precipitationRate": 0.42,
                        "probOfPrecipitation": 32,
                        "screenDewPointTemperature": 6.53,
                        "screenRelativeHumidity": 65.14,
                        "screenTemperature": 12.97,
                        "significantWeatherCode": 10,
                        "time": "2023-03-13T16:00Z",
                        "totalPrecipAmount": 0.08,
                        "totalSnowAmount": 0,
                        "uvIndex": 1,
                        "visibility": 29510,
                        "windDirectionFrom10m": 223,
                        "windGustSpeed10m": 18.93,
                        "windSpeed10m": 9.87
                    },
                    {
                        "feelsLikeTemperature": 8.69,
                        "max10mWindGust": 18.53,
                        "maxScreenAirTemp": 12.97,
                        "minScreenAirTemp": 12.34,
                        "mslp": 98659,
                        "precipitationRate": 0.0,
                        "probOfPrecipitation": 13,
                        "screenDewPointTemperature": 6.49,
                        "screenRelativeHumidity": 67.62,
                        "screenTemperature": 12.36,
                        "significantWeatherCode": 7,
                        "time": "2023-03-13T17:00Z",
                        "totalPrecipAmount": 0.0,
                        "totalSnowAmount": 0,
                        "uvIndex": 1,
                        "visibility": 32091,
                        "windDirectionFrom10m": 221,
                        "windGustSpeed10m": 17.88,
                        "windSpeed10m": 9.1
                    },
                    {
                        "feelsLikeTemperature": 8.29,
                        "max10mWindGust": 16.96,
                        "maxScreenAirTemp": 12.36,
                        "minScreenAirTemp": 11.72,
                        "mslp": 98599,
                        "precipitationRate": 0.0,
                        "probOfPrecipitation": 13,
                        "screenDewPointTemperature": 6.42,
                        "screenRelativeHumidity": 70.02,
                        "screenTemperature": 11.75,
                        "significantWeatherCode": 7,
                        "time": "2023-03-13T18:00Z",
                        "totalPrecipAmount": 0.0,
                        "totalSnowAmount": 0,
                        "uvIndex": 0,
                        "visibility": 32406,
                        "windDirectionFrom10m": 216,
                        "windGustSpeed10m": 16.94,
                        "windSpeed10m": 8.57
                    },
                    {
                        "feelsLikeTemperature": 7.88,
                        "max10mWindGust": 16.81,
                        "maxScreenAirTemp": 11.75,
                        "minScreenAirTemp": 11.23,
                        "mslp": 98549,
                        "precipitationRate": 0.0,
                        "probOfPrecipitation": 11,
                        "screenDewPointTemperature": 6.82,
                        "screenRelativeHumidity": 74.55,
                        "screenTemperature": 11.24,
                        "significantWeatherCode": 7,
                        "time": "2023-03-13T19:00Z",
                        "totalPrecipAmount": 0.0,
                        "totalSnowAmount": 0,
                        "uvIndex": 0,
                        "visibility": 33193,
                        "windDirectionFrom10m": 217,
                        "windGustSpeed10m": 16.5,
                        "windSpeed10m": 8.23
                    },
                    {
                        "feelsLikeTemperature": 7.71,
                        "max10mWindGust": 16.26,
                        "maxScreenAirTemp": 11.24,
                        "minScreenAirTemp": 10.89,
                        "mslp": 98488,
                        "precipitationRate": 0.0,
                        "probOfPrecipitation": 16,
                        "screenDewPointTemperature": 6.92,
                        "screenRelativeHumidity": 76.59,
                        "screenTemperature": 10.92,
                        "significantWeatherCode": 7,
                        "time": "2023-03-13T20:00Z",
                        "totalPrecipAmount": 0.0,
                        "totalSnowAmount": 0,
                        "uvIndex": 0,
                        "visibility": 30634,
                        "windDirectionFrom10m": 216,
                        "windGustSpeed10m": 15.44,
                        "windSpeed10m": 7.75
                    },
                    {
                        "feelsLikeTemperature": 7.48,
                        "max10mWindGust": 15.4,
                        "maxScreenAirTemp": 10.92,
                        "minScreenAirTemp": 10.62,
                        "mslp": 98465,
                        "precipitationRate": 0.0,
                        "probOfPrecipitation": 19,
                        "screenDewPointTemperature": 7.18,
                        "screenRelativeHumidity": 79.31,
                        "screenTemperature": 10.66,
                        "significantWeatherCode": 8,
                        "time": "2023-03-13T21:00Z",
                        "totalPrecipAmount": 0.0,
                        "totalSnowAmount": 0,
                        "uvIndex": 0,
                        "visibility": 28387,
                        "windDirectionFrom10m": 220,
                        "windGustSpeed10m": 15.13,
                        "windSpeed10m": 7.62
                    },
                    {
                        "feelsLikeTemperature": 7.13,
                        "max10mWindGust": 15.52,
                        "maxScreenAirTemp": 10.66,
                        "minScreenAirTemp": 10.32,
                        "mslp": 98471,
                        "precipitationRate": 0.08,
                        "probOfPrecipitation": 49,
                        "screenDewPointTemperature": 7.22,
                        "screenRelativeHumidity": 81.3,
                        "screenTemperature": 10.34,
                        "significantWeatherCode": 12,
                        "time": "2023-03-13T22:00Z",
                        "totalPrecipAmount": 0.07,
                        "totalSnowAmount": 0,
                        "uvIndex": 0,
                        "visibility": 29355,
                        "windDirectionFrom10m": 234,
                        "windGustSpeed10m": 14.93,
                        "windSpeed10m": 7.62
                    },
                    {
                        "feelsLikeTemperature": 6.13,
                        "max10mWindGust": 15.11,
                        "maxScreenAirTemp": 10.34,
                        "minScreenAirTemp": 9.42,
                        "mslp": 98514,
                        "precipitationRate": 0.61,
                        "probOfPrecipitation": 59,
                        "screenDewPointTemperature": 6.1,
                        "screenRelativeHumidity": 80.25,
                        "screenTemperature": 9.43,
                        "significantWeatherCode": 12,
                        "time": "2023-03-13T23:00Z",
                        "totalPrecipAmount": 0.16,
                        "totalSnowAmount": 0,
                        "uvIndex": 0,
                        "visibility": 24728,
                        "windDirectionFrom10m": 256,
                        "windGustSpeed10m": 14.24,
                        "windSpeed10m": 7.15
                    },
                    {
                        "feelsLikeTemperature": 5.27,
                        "max10mWindGust": 14.79,
                        "maxScreenAirTemp": 9.43,
                        "minScreenAirTemp": 8.71,
                        "mslp": 98598,
                        "precipitationRate": 0.61,
                        "probOfPrecipitation": 43,
                        "screenDewPointTemperature": 5.0,
                        "screenRelativeHumidity": 78.13,
                        "screenTemperature": 8.72,
                        "significantWeatherCode": 9,
                        "time": "2023-03-14T00:00Z",
                        "totalPrecipAmount": 0.25,
                        "totalSnowAmount": 0,
                        "uvIndex": 0,
                        "visibility": 24461,
                        "windDirectionFrom10m": 262,
                        "windGustSpeed10m": 14.08,
                        "windSpeed10m": 7.07
                    },
                    {
                        "feelsLikeTemperature": 3.64,
                        "max10mWindGust": 15.82,
                        "maxScreenAirTemp": 8.72,
                        "minScreenAirTemp": 7.56,
                        "mslp": 98731,
                        "precipitationRate": 0.0,
                        "probOfPrecipitation": 16,
                        "screenDewPointTemperature": 2.94,
                        "screenRelativeHumidity": 73.19,
                        "screenTemperature": 7.58,
                        "significantWeatherCode": 7,
                        "time": "2023-03-14T01:00Z",
                        "totalPrecipAmount": 0.0,
                        "totalSnowAmount": 0,
                        "uvIndex": 0,
                        "visibility": 26979,
                        "windDirectionFrom10m": 268,
                        "windGustSpeed10m": 14.95,
                        "windSpeed10m": 7.56
                    },
                    {
                        "feelsLikeTemperature": 2.37,
                        "max10mWindGust": 16.08,
                        "maxScreenAirTemp": 7.58,
                        "minScreenAirTemp": 6.69,
                        "mslp": 98882,
                        "precipitationRate": 0.0,
                        "probOfPrecipitation": 14,
                        "screenDewPointTemperature": 1.72,
                        "screenRelativeHumidity": 71.28,
                        "screenTemperature": 6.7,
                        "significantWeatherCode": 7,
                        "time": "2023-03-14T02:00Z",
                        "totalPrecipAmount": 0.0,
                        "totalSnowAmount": 0,
                        "uvIndex": 0,
                        "visibility": 37119,
                        "windDirectionFrom10m": 275,
                        "windGustSpeed10m": 15.7,
                        "windSpeed10m": 8.01
                    },
                    {
                        "feelsLikeTemperature": 1.13,
                        "max10mWindGust": 16.74,
                        "maxScreenAirTemp": 6.7,
                        "minScreenAirTemp": 5.72,
                        "mslp": 99055,
                        "precipitationRate": 0.14,
                        "probOfPrecipitation": 46,
                        "screenDewPointTemperature": 1.32,
                        "screenRelativeHumidity": 73.77,
                        "screenTemperature": 5.78,
                        "significantWeatherCode": 12,
                        "time": "2023-03-14T03:00Z",
                        "totalPrecipAmount": 0.12,
                        "totalSnowAmount": 0,
                        "uvIndex": 0,
                        "visibility": 30840,
                        "windDirectionFrom10m": 285,
                        "windGustSpeed10m": 16.01,
                        "windSpeed10m": 8.22
                    },
                    {
                        "feelsLikeTemperature": 0.45,
                        "max10mWindGust": 16.77,
                        "maxScreenAirTemp": 5.78,
                        "minScreenAirTemp": 5.07,
                        "mslp": 99279,
                        "precipitationRate": 0.0,
                        "probOfPrecipitation": 18,
                        "screenDewPointTemperature": 0.84,
                        "screenRelativeHumidity": 73.98,
                        "screenTemperature": 5.24,
                        "significantWeatherCode": 8,
                        "time": "2023-03-14T04:00Z",
                        "totalPrecipAmount": 0.0,
                        "totalSnowAmount": 0,
                        "uvIndex": 0,
                        "visibility": 32694,
                        "windDirectionFrom10m": 296,
                        "windGustSpeed10m": 15.81,
                        "windSpeed10m": 8.11
                    },
                    {
                        "feelsLikeTemperature": -0.4,
                        "max10mWindGust": 16.44,
                        "maxScreenAirTemp": 5.24,
                        "minScreenAirTemp": 4.45,
                        "mslp": 99529,
                        "precipitationRate": 0.0,
                        "probOfPrecipitation": 15,
                        "screenDewPointTemperature": 0.18,
                        "screenRelativeHumidity": 74.39,
                        "screenTemperature": 4.49,
                        "significantWeatherCode": 8,
                        "time": "2023-03-14T05:00Z",
                        "totalPrecipAmount": 0.0,
                        "totalSnowAmount": 0,
                        "uvIndex": 0,
                        "visibility": 28252,
                        "windDirectionFrom10m": 304,
                        "windGustSpeed10m": 15.25,
                        "windSpeed10m": 7.8
                    },
                    {
                        "feelsLikeTemperature": -0.9,
                        "max10mWindGust": 15.91,
                        "maxScreenAirTemp": 4.49,
                        "minScreenAirTemp": 3.91,
                        "mslp": 99745,
                        "precipitationRate": 0.0,
                        "probOfPrecipitation": 12,
                        "screenDewPointTemperature": -0.77,
                        "screenRelativeHumidity": 72.13,
                        "screenTemperature": 3.95,
                        "significantWeatherCode": 7,
                        "time": "2023-03-14T06:00Z",
                        "totalPrecipAmount": 0.0,
                        "totalSnowAmount": 0,
                        "uvIndex": 0,
                        "visibility": 26533,
                        "windDirectionFrom10m": 306,
                        "windGustSpeed10m": 14.21,
                        "windSpeed10m": 7.21
                    },
                    {
                        "feelsLikeTemperature": -0.84,
                        "max10mWindGust": 13.97,
                        "maxScreenAirTemp": 3.95,
                        "minScreenAirTemp": 3.73,
                        "mslp": 99967,
                        "precipitationRate": 0.0,
                        "probOfPrecipitation": 5,
                        "screenDewPointTemperature": -1.42,
                        "screenRelativeHumidity": 69.44,
                        "screenTemperature": 3.82,
                        "significantWeatherCode": 3,
                        "time": "2023-03-14T07:00Z",
                        "totalPrecipAmount": 0.0,
                        "totalSnowAmount": 0,
                        "uvIndex": 1,
                        "visibility": 24281,
                        "windDirectionFrom10m": 305,
                        "windGustSpeed10m": 13.22,
                        "windSpeed10m": 6.64
                    },
                    {
                        "feelsLikeTemperature": -0.73,
                        "max10mWindGust": 13.66,
                        "maxScreenAirTemp": 4.0,
                        "minScreenAirTemp": 3.82,
                        "mslp": 100167,
                        "precipitationRate": 0.0,
                        "probOfPrecipitation": 2,
                        "screenDewPointTemperature": -2.22,
                        "screenRelativeHumidity": 64.87,
                        "screenTemperature": 3.98,
                        "significantWeatherCode": 1,
                        "time": "2023-03-14T08:00Z",
                        "totalPrecipAmount": 0.0,
                        "totalSnowAmount": 0,
                        "uvIndex": 1,
                        "visibility": 28894,
                        "windDirectionFrom10m": 300,
                        "windGustSpeed10m": 13.29,
                        "windSpeed10m": 6.81
                    },
                    {
                        "feelsLikeTemperature": -0.17,
                        "max10mWindGust": 12.92,
                        "maxScreenAirTemp": 4.4,
                        "minScreenAirTemp": 3.98,
                        "mslp": 100362,
                        "precipitationRate": 0.0,
                        "probOfPrecipitation": 1,
                        "screenDewPointTemperature": -3.49,
                        "screenRelativeHumidity": 57.93,
                        "screenTemperature": 4.36,
                        "significantWeatherCode": 1,
                        "time": "2023-03-14T09:00Z",
                        "totalPrecipAmount": 0.0,
                        "totalSnowAmount": 0,
                        "uvIndex": 1,
                        "visibility": 30414,
                        "windDirectionFrom10m": 300,
                        "windGustSpeed10m": 12.92,
                        "windSpeed10m": 6.66
                    },
                    {
                        "feelsLikeTemperature": 0.94,
                        "max10mWindGust": 13.53,
                        "maxScreenAirTemp": 5.32,
                        "minScreenAirTemp": 4.36,
                        "mslp": 100475,
                        "precipitationRate": 0.0,
                        "probOfPrecipitation": 2,
                        "screenDewPointTemperature": -4.34,
                        "screenRelativeHumidity": 51.64,
                        "screenTemperature": 5.29,
                        "significantWeatherCode": 3,
                        "time": "2023-03-14T10:00Z",
                        "totalPrecipAmount": 0.0,
                        "totalSnowAmount": 0,
                        "uvIndex": 2,
                        "visibility": 30874,
                        "windDirectionFrom10m": 298,
                        "windGustSpeed10m": 13.53,
                        "windSpeed10m": 6.91
                    },
                    {
                        "feelsLikeTemperature": 1.94,
                        "max10mWindGust": 14.61,
                        "maxScreenAirTemp": 6.14,
                        "minScreenAirTemp": 5.29,
                        "mslp": 100576,
                        "precipitationRate": 0.0,
                        "probOfPrecipitation": 1,
                        "screenDewPointTemperature": -4.71,
                        "screenRelativeHumidity": 46.96,
                        "screenTemperature": 6.14,
                        "significantWeatherCode": 3,
                        "time": "2023-03-14T11:00Z",
                        "totalPrecipAmount": 0.0,
                        "totalSnowAmount": 0,
                        "uvIndex": 2,
                        "visibility": 31314,
                        "windDirectionFrom10m": 295,
                        "windGustSpeed10m": 14.08,
                        "windSpeed10m": 7.15
                    },
                    {
                        "feelsLikeTemperature": 2.93,
                        "max10mWindGust": 14.44,
                        "maxScreenAirTemp": 6.96,
                        "minScreenAirTemp": 6.14,
                        "mslp": 100682,
                        "precipitationRate": 0.0,
                        "probOfPrecipitation": 1,
                        "screenDewPointTemperature": -5.58,
                        "screenRelativeHumidity": 41.2,
                        "screenTemperature": 6.95,
                        "significantWeatherCode": 3,
                        "time": "2023-03-14T12:00Z",
                        "totalPrecipAmount": 0.0,
                        "totalSnowAmount": 0,
                        "uvIndex": 3,
                        "visibility": 31281,
                        "windDirectionFrom10m": 291,
                        "windGustSpeed10m": 14.44,
                        "windSpeed10m": 7.33
                    },
                    {
                        "feelsLikeTemperature": 3.88,
                        "max10mWindGust": 14.25,
                        "maxScreenAirTemp": 7.68,
                        "minScreenAirTemp": 6.95,
                        "mslp": 100734,
                        "precipitationRate": 0.0,
                        "probOfPrecipitation": 2,
                        "screenDewPointTemperature": -6.07,
                        "screenRelativeHumidity": 38.23,
                        "screenTemperature": 7.65,
                        "significantWeatherCode": 3,
                        "time": "2023-03-14T13:00Z",
                        "totalPrecipAmount": 0.0,
                        "totalSnowAmount": 0,
                        "uvIndex": 2,
                        "visibility": 31070,
                        "windDirectionFrom10m": 292,
                        "windGustSpeed10m": 14.25,
                        "windSpeed10m": 7.14
                    },
                    {
                        "feelsLikeTemperature": 4.49,
                        "max10mWindGust": 14.35,
                        "maxScreenAirTemp": 8.2,
                        "minScreenAirTemp": 7.65,
                        "mslp": 100782,
                        "precipitationRate": 0.0,
                        "probOfPrecipitation": 6,
                        "screenDewPointTemperature": -6.5,
                        "screenRelativeHumidity": 36.33,
                        "screenTemperature": 8.14,
                        "significantWeatherCode": 3,
                        "time": "2023-03-14T14:00Z",
                        "totalPrecipAmount": 0.0,
                        "totalSnowAmount": 0,
                        "uvIndex": 2,
                        "visibility": 30174,
                        "windDirectionFrom10m": 288,
                        "windGustSpeed10m": 14.35,
                        "windSpeed10m": 7.19
                    },
                    {
                        "feelsLikeTemperature": 4.71,
                        "max10mWindGust": 14.5,
                        "maxScreenAirTemp": 8.44,
                        "minScreenAirTemp": 8.14,
                        "mslp": 100837,
                        "precipitationRate": 0.0,
                        "probOfPrecipitation": 5,
                        "screenDewPointTemperature": -6.65,
                        "screenRelativeHumidity": 35.75,
                        "screenTemperature": 8.33,
                        "significantWeatherCode": 3,
                        "time": "2023-03-14T15:00Z",
                        "totalPrecipAmount": 0.0,
                        "totalSnowAmount": 0,
                        "uvIndex": 1,
                        "visibility": 29637,
                        "windDirectionFrom10m": 286,
                        "windGustSpeed10m": 14.5,
                        "windSpeed10m": 7.26
                    },
                    {
                        "feelsLikeTemperature": 4.61,
                        "max10mWindGust": 14.8,
                        "maxScreenAirTemp": 8.52,
                        "minScreenAirTemp": 7.97,
                        "mslp": 100886,
                        "precipitationRate": 0.0,
                        "probOfPrecipitation": 9,
                        "screenDewPointTemperature": -6.16,
                        "screenRelativeHumidity": 37.54,
                        "screenTemperature": 8.08,
                        "significantWeatherCode": 7,
                        "time": "2023-03-14T16:00Z",
                        "totalPrecipAmount": 0.0,
                        "totalSnowAmount": 0,
                        "uvIndex": 1,
                        "visibility": 28147,
                        "windDirectionFrom10m": 287,
                        "windGustSpeed10m": 13.81,
                        "windSpeed10m": 6.75
                    },
                    {
                        "feelsLikeTemperature": 3.93,
                        "max10mWindGust": 15.9,
                        "maxScreenAirTemp": 8.08,
                        "minScreenAirTemp": 7.31,
                        "mslp": 100963,
                        "precipitationRate": 0.0,
                        "probOfPrecipitation": 4,
                        "screenDewPointTemperature": -4.76,
                        "screenRelativeHumidity": 43.1,
                        "screenTemperature": 7.42,
                        "significantWeatherCode": 3,
                        "time": "2023-03-14T17:00Z",
                        "totalPrecipAmount": 0.0,
                        "totalSnowAmount": 0,
                        "uvIndex": 1,
                        "visibility": 29683,
                        "windDirectionFrom10m": 286,
                        "windGustSpeed10m": 12.93,
                        "windSpeed10m": 6.27
                    },
                    {
                        "feelsLikeTemperature": 3.28,
                        "mslp": 101031,
                        "precipitationRate": 0.0,
                        "probOfPrecipitation": 4,
                        "screenDewPointTemperature": -4.32,
                        "screenRelativeHumidity": 46.34,
                        "screenTemperature": 6.78,
                        "significantWeatherCode": 2,
                        "time": "2023-03-14T18:00Z",
                        "uvIndex": 0,
                        "visibility": 30555,
                        "windDirectionFrom10m": 289,
                        "windGustSpeed10m": 12.13,
                        "windSpeed10m": 5.85
                    },
                    {
                        "feelsLikeTemperature": 2.85,
                        "mslp": 101086,
                        "precipitationRate": 0.0,
                        "probOfPrecipitation": 6,
                        "screenDewPointTemperature": -3.36,
                        "screenRelativeHumidity": 51.85,
                        "screenTemperature": 6.24,
                        "significantWeatherCode": 2,
                        "time": "2023-03-14T19:00Z",
                        "uvIndex": 0,
                        "visibility": 30514,
                        "windDirectionFrom10m": 289,
                        "windGustSpeed10m": 10.85,
                        "windSpeed10m": 5.26
                    },
                    {
                        "feelsLikeTemperature": 2.26,
                        "mslp": 101148,
                        "precipitationRate": 0.0,
                        "probOfPrecipitation": 7,
                        "screenDewPointTemperature": -2.36,
                        "screenRelativeHumidity": 58.63,
                        "screenTemperature": 5.6,
                        "significantWeatherCode": 2,
                        "time": "2023-03-14T20:00Z",
                        "uvIndex": 0,
                        "visibility": 26662,
                        "windDirectionFrom10m": 285,
                        "windGustSpeed10m": 9.65,
                        "windSpeed10m": 4.73
                    }
                ]
            },
            "type": "Feature"
        }
    ],
    "parameters": [
        {
            "feelsLikeTemperature": {
                "description": "Feels Like Temperature",
                "type": "Parameter",
                "unit": {
                    "label": "degrees Celsius",
                    "symbol": {
                        "type": "Cel",
                        "value": "http://www.opengis.net/def/uom/UCUM/"
                    }
                }
            },
            "max10mWindGust": {
                "description": "Maximum 10m Wind Gust Speed Over Previous Hour",
                "type": "Parameter",
                "unit": {
                    "label": "metres per second",
                    "symbol": {
                        "type": "m/s",
                        "value": "http://www.opengis.net/def/uom/UCUM/"
                    }
                }
            },
            "maxScreenAirTemp": {
                "description": "Maximum Screen Air Temperature Over Previous Hour",
                "type": "Parameter",
                "unit": {
                    "label": "degrees Celsius",
                    "symbol": {
                        "type": "Cel",
                        "value": "http://www.opengis.net/def/uom/UCUM/"
                    }
                }
            },
            "minScreenAirTemp": {
                "description": "Minimum Screen Air Temperature Over Previous Hour",
                "type": "Parameter",
                "unit": {
                    "label": "degrees Celsius",
                    "symbol": {
                        "type": "Cel",
                        "value": "http://www.opengis.net/def/uom/UCUM/"
                    }
                }
            },
            "mslp": {
                "description": "Mean Sea Level Pressure",
                "type": "Parameter",
                "unit": {
                    "label": "pascals",
                    "symbol": {
                        "type": "Pa",
                        "value": "http://www.opengis.net/def/uom/UCUM/"
                    }
                }
            },
            "precipitationRate": {
                "description": "Precipitation Rate",
                "type": "Parameter",
                "unit": {
                    "label": "millimetres per hour",
                    "symbol": {
                        "type": "mm/h",
                        "value": "http://www.opengis.net/def/uom/UCUM/"
                    }
                }
            },
            "probOfPrecipitation": {
                "description": "Probability of Precipitation",
                "type": "Parameter",
                "unit": {
                    "label": "percentage",
                    "symbol": {
                        "type": "%",
                        "value": "http://www.opengis.net/def/uom/UCUM/"
                    }
                }
            },
            "screenDewPointTemperature": {
                "description": "Screen Dew Point Temperature",
                "type": "Parameter",
                "unit": {
                    "label": "degrees Celsius",
                    "symbol": {
                        "type": "Cel",
                        "value": "http://www.opengis.net/def/uom/UCUM/"
                    }
                }
            },
            "screenRelativeHumidity": {
                "description": "Screen Relative Humidity",
                "type": "Parameter",
                "unit": {
                    "label": "percentage",
                    "symbol": {
                        "type": "%",
                        "value": "http://www.opengis.net/def/uom/UCUM/"
                    }
                }
            },
            "screenTemperature": {
                "description": "Screen Air Temperature",
                "type": "Parameter",
                "unit": {
                    "label": "degrees Celsius",
                    "symbol": {
                        "type": "Cel",
                        "value": "http://www.opengis.net/def/uom/UCUM/"
                    }
                }
            },
            "significantWeatherCode": {
                "description": "Significant Weather Code",
                "type": "Parameter",
                "unit": {
                    "label": "dimensionless",
                    "symbol": {
                        "type": "1",
                        "value": "https://metoffice.apiconnect.ibmcloud.com/metoffice/production/"
                    }
                }
            },
            "totalPrecipAmount": {
                "description": "Total Precipitation Amount Over Previous Hour",
                "type": "Parameter",
                "unit": {
                    "label": "millimetres",
                    "symbol": {
                        "type": "mm",
                        "value": "http://www.opengis.net/def/uom/UCUM/"
                    }
                }
            },
            "totalSnowAmount": {
                "description": "Total Snow Amount Over Previous Hour",
                "type": "Parameter",
                "unit": {
                    "label": "millimetres",
                    "symbol": {
                        "type": "mm",
                        "value": "http://www.opengis.net/def/uom/UCUM/"
                    }
                }
            },
            "uvIndex": {
                "description": "UV Index",
                "type": "Parameter",
                "unit": {
                    "label": "dimensionless",
                    "symbol": {
                        "type": "1",
                        "value": "http://www.opengis.net/def/uom/UCUM/"
                    }
                }
            },
            "visibility": {
                "description": "Visibility",
                "type": "Parameter",
                "unit": {
                    "label": "metres",
                    "symbol": {
                        "type": "m",
                        "value": "http://www.opengis.net/def/uom/UCUM/"
                    }
                }
            },
            "windDirectionFrom10m": {
                "description": "10m Wind From Direction",
                "type": "Parameter",
                "unit": {
                    "label": "degrees",
                    "symbol": {
                        "type": "deg",
                        "value": "http://www.opengis.net/def/uom/UCUM/"
                    }
                }
            },
            "windGustSpeed10m": {
                "description": "10m Wind Gust Speed",
                "type": "Parameter",
                "unit": {
                    "label": "metres per second",
                    "symbol": {
                        "type": "m/s",
                        "value": "http://www.opengis.net/def/uom/UCUM/"
                    }
                }
            },
            "windSpeed10m": {
                "description": "10m Wind Speed",
                "type": "Parameter",
                "unit": {
                    "label": "metres per second",
                    "symbol": {
                        "type": "m/s",
                        "value": "http://www.opengis.net/def/uom/UCUM/"
                    }
                }
            }
        }
    ],
    "type": "FeatureCollection"
}